scan,crop_id,variant,gt_valid,pred_total,pred_eval,pred_ignored_border,tp,fp,fn,precision,recall,f1,overseg
EFRGP01_00,crop02,Full BA-TOS,265,394,261,133,260,1,5,0.9961685823754788,0.981132075471698,0.988593155893536,0.9849056603773584
EFRGP01_00,crop02,w/o size filter,265,404,261,143,260,1,5,0.9961685823754788,0.981132075471698,0.988593155893536,0.9849056603773584
EFRGP01_00,crop02,w/o boundary rejection,265,5,5,0,0,5,265,0.0,0.0,0.0,0.0188679245283018
EFRGP01_00,crop02,w/o flattening,265,395,261,134,260,1,5,0.9961685823754788,0.981132075471698,0.988593155893536,0.9849056603773584
EFRGP01_00,crop03,Full BA-TOS,216,289,215,74,208,7,8,0.9674418604651164,0.9629629629629628,0.965197215777262,0.9953703703703703
EFRGP01_00,crop03,w/o size filter,216,356,270,86,208,62,8,0.7703703703703704,0.9629629629629628,0.8559670781893004,1.25
EFRGP01_00,crop03,w/o boundary rejection,216,7,7,0,0,7,216,0.0,0.0,0.0,0.0324074074074074
EFRGP01_00,crop03,w/o flattening,216,75,43,32,12,31,204,0.2790697674418604,0.0555555555555555,0.0926640926640926,0.199074074074074
EFRGP01_00,crop04,Full BA-TOS,272,398,269,129,269,0,3,1.0,0.9889705882352942,0.9944547134935304,0.9889705882352942
EFRGP01_00,crop04,w/o size filter,272,407,269,138,269,0,3,1.0,0.9889705882352942,0.9944547134935304,0.9889705882352942
EFRGP01_00,crop04,w/o boundary rejection,272,5,5,0,0,5,272,0.0,0.0,0.0,0.0183823529411764
EFRGP01_00,crop04,w/o flattening,272,400,269,131,269,0,3,1.0,0.9889705882352942,0.9944547134935304,0.9889705882352942
EFRGP01_00,crop05,Full BA-TOS,129,183,127,56,116,11,13,0.9133858267716536,0.8992248062015504,0.90625,0.9844961240310076
EFRGP01_00,crop05,w/o size filter,129,420,358,62,116,242,13,0.3240223463687151,0.8992248062015504,0.4763860369609856,2.7751937984496124
EFRGP01_00,crop05,w/o boundary rejection,129,1,1,0,0,1,129,0.0,0.0,0.0,0.0077519379844961
EFRGP01_00,crop05,w/o flattening,129,0,0,0,0,0,129,0.0,0.0,0.0,0.0
EFRGP01_00,crop06,Full BA-TOS,271,367,267,100,264,3,7,0.9887640449438202,0.974169741697417,0.9814126394052044,0.985239852398524
EFRGP01_00,crop06,w/o size filter,271,378,268,110,264,4,7,0.9850746268656716,0.974169741697417,0.979591836734694,0.988929889298893
EFRGP01_00,crop06,w/o boundary rejection,271,9,9,0,0,9,271,0.0,0.0,0.0,0.033210332103321
EFRGP01_00,crop06,w/o flattening,271,366,268,98,266,2,5,0.9925373134328358,0.981549815498155,0.9870129870129872,0.988929889298893
EFRGP01_00,crop07,Full BA-TOS,263,388,259,129,259,0,4,1.0,0.9847908745247148,0.992337164750958,0.9847908745247148
EFRGP01_00,crop07,w/o size filter,263,396,259,137,259,0,4,1.0,0.9847908745247148,0.992337164750958,0.9847908745247148
EFRGP01_00,crop07,w/o boundary rejection,263,15,15,0,0,15,263,0.0,0.0,0.0,0.0570342205323193
EFRGP01_00,crop07,w/o flattening,263,387,258,129,258,0,5,1.0,0.9809885931558936,0.9904030710172744,0.9809885931558936
EFRGP01_01,crop02,Full BA-TOS,262,405,258,147,258,0,4,1.0,0.9847328244274808,0.9923076923076924,0.9847328244274808
EFRGP01_01,crop02,w/o size filter,262,415,258,157,258,0,4,1.0,0.9847328244274808,0.9923076923076924,0.9847328244274808
EFRGP01_01,crop02,w/o boundary rejection,262,5,5,0,0,5,262,0.0,0.0,0.0,0.0190839694656488
EFRGP01_01,crop02,w/o flattening,262,404,259,145,259,0,3,1.0,0.9885496183206108,0.9942418426103647,0.9885496183206108
EFRGP01_01,crop03,Full BA-TOS,213,289,211,78,205,6,8,0.971563981042654,0.9624413145539906,0.9669811320754718,0.9906103286384976
EFRGP01_01,crop03,w/o size filter,213,364,273,91,205,68,8,0.7509157509157509,0.9624413145539906,0.8436213991769548,1.2816901408450705
EFRGP01_01,crop03,w/o boundary rejection,213,12,11,1,0,11,213,0.0,0.0,0.0,0.0516431924882629
EFRGP01_01,crop03,w/o flattening,213,57,38,19,8,30,205,0.2105263157894736,0.0375586854460093,0.0637450199203187,0.1784037558685446
EFRGP01_01,crop04,Full BA-TOS,264,397,261,136,260,1,4,0.9961685823754788,0.9848484848484848,0.9904761904761904,0.9886363636363636
EFRGP01_01,crop04,w/o size filter,264,408,262,146,260,2,4,0.9923664122137404,0.9848484848484848,0.988593155893536,0.9924242424242424
EFRGP01_01,crop04,w/o boundary rejection,264,11,10,1,0,10,264,0.0,0.0,0.0,0.0378787878787878
EFRGP01_01,crop04,w/o flattening,264,395,261,134,261,0,3,1.0,0.9886363636363636,0.9942857142857142,0.9886363636363636
EFRGP01_01,crop05,Full BA-TOS,128,187,127,60,119,8,9,0.937007874015748,0.9296875,0.9333333333333332,0.9921875
EFRGP01_01,crop05,w/o size filter,128,420,356,64,119,237,9,0.3342696629213483,0.9296875,0.4917355371900825,2.78125
EFRGP01_01,crop05,w/o boundary rejection,128,1,1,0,0,1,128,0.0,0.0,0.0,0.0078125
EFRGP01_01,crop05,w/o flattening,128,0,0,0,0,0,128,0.0,0.0,0.0,0.0
EFRGP01_01,crop06,Full BA-TOS,265,373,261,112,259,2,6,0.992337164750958,0.9773584905660376,0.9847908745247148,0.9849056603773584
EFRGP01_01,crop06,w/o size filter,265,387,261,126,259,2,6,0.992337164750958,0.9773584905660376,0.9847908745247148,0.9849056603773584
EFRGP01_01,crop06,w/o boundary rejection,265,17,17,0,0,17,265,0.0,0.0,0.0,0.0641509433962264
EFRGP01_01,crop06,w/o flattening,265,367,261,106,255,6,10,0.9770114942528736,0.9622641509433962,0.9695817490494296,0.9849056603773584
EFRGP01_01,crop07,Full BA-TOS,260,390,254,136,254,0,6,1.0,0.9769230769230768,0.9883268482490272,0.9769230769230768
EFRGP01_01,crop07,w/o size filter,260,396,254,142,254,0,6,1.0,0.9769230769230768,0.9883268482490272,0.9769230769230768
EFRGP01_01,crop07,w/o boundary rejection,260,17,16,1,0,16,260,0.0,0.0,0.0,0.0615384615384615
EFRGP01_01,crop07,w/o flattening,260,390,254,136,254,0,6,1.0,0.9769230769230768,0.9883268482490272,0.9769230769230768
