scan,crop_id,method,threshold,gt_valid,pred_total,pred_eval,pred_ignored_border,tp,fp,fn,precision,recall,f1,overseg_ratio
EFRGP01_00,crop02,BA-TOS,0.25,265,394,261,133,261,0,4,1.0,0.9849056603773584,0.9923954372623576,0.9849056603773584
EFRGP01_00,crop02,BA-TOS,0.5,265,394,261,133,260,1,5,0.9961685823754788,0.981132075471698,0.988593155893536,0.9849056603773584
EFRGP01_00,crop02,BA-TOS,0.75,265,394,261,133,228,33,37,0.8735632183908046,0.8603773584905661,0.8669201520912547,0.9849056603773584
EFRGP01_00,crop02,Otsu+WS,0.25,265,623,330,293,265,65,0,0.803030303030303,1.0,0.8907563025210083,1.2452830188679245
EFRGP01_00,crop02,Otsu+WS,0.5,265,623,330,293,255,75,10,0.7727272727272727,0.9622641509433962,0.8571428571428572,1.2452830188679245
EFRGP01_00,crop02,Otsu+WS,0.75,265,623,330,293,201,129,64,0.6090909090909091,0.7584905660377359,0.6756302521008404,1.2452830188679245
EFRGP01_00,crop02,Min-tree-core+WS,0.25,265,132,65,67,33,32,232,0.5076923076923077,0.1245283018867924,0.2,0.2452830188679245
EFRGP01_00,crop02,Min-tree-core+WS,0.5,265,132,65,67,16,49,249,0.2461538461538461,0.060377358490566,0.0969696969696969,0.2452830188679245
EFRGP01_00,crop02,Min-tree-core+WS,0.75,265,132,65,67,12,53,253,0.1846153846153846,0.0452830188679245,0.0727272727272727,0.2452830188679245
EFRGP01_01,crop02,BA-TOS,0.25,262,405,258,147,258,0,4,1.0,0.9847328244274808,0.9923076923076924,0.9847328244274808
EFRGP01_01,crop02,BA-TOS,0.5,262,405,258,147,258,0,4,1.0,0.9847328244274808,0.9923076923076924,0.9847328244274808
EFRGP01_01,crop02,BA-TOS,0.75,262,405,258,147,229,29,33,0.8875968992248062,0.8740458015267175,0.8807692307692309,0.9847328244274808
EFRGP01_01,crop02,Otsu+WS,0.25,262,634,340,294,262,78,0,0.7705882352941177,1.0,0.8704318936877077,1.297709923664122
EFRGP01_01,crop02,Otsu+WS,0.5,262,634,340,294,249,91,13,0.7323529411764705,0.950381679389313,0.8272425249169434,1.297709923664122
EFRGP01_01,crop02,Otsu+WS,0.75,262,634,340,294,198,142,64,0.5823529411764706,0.7557251908396947,0.6578073089700996,1.297709923664122
EFRGP01_01,crop02,Min-tree-core+WS,0.25,262,120,53,67,23,30,239,0.4339622641509434,0.0877862595419847,0.146031746031746,0.2022900763358778
EFRGP01_01,crop02,Min-tree-core+WS,0.5,262,120,53,67,11,42,251,0.2075471698113207,0.0419847328244274,0.0698412698412698,0.2022900763358778
EFRGP01_01,crop02,Min-tree-core+WS,0.75,262,120,53,67,8,45,254,0.1509433962264151,0.0305343511450381,0.0507936507936508,0.2022900763358778
EFRGP01_00,crop03,BA-TOS,0.25,216,289,215,74,215,0,1,1.0,0.9953703703703703,0.9976798143851509,0.9953703703703703
EFRGP01_00,crop03,BA-TOS,0.5,216,289,215,74,208,7,8,0.9674418604651164,0.9629629629629628,0.965197215777262,0.9953703703703703
EFRGP01_00,crop03,BA-TOS,0.75,216,289,215,74,146,69,70,0.6790697674418604,0.6759259259259259,0.6774941995359628,0.9953703703703703
EFRGP01_00,crop03,Otsu+WS,0.25,216,379,225,154,216,9,0,0.96,1.0,0.979591836734694,1.0416666666666667
EFRGP01_00,crop03,Otsu+WS,0.5,216,379,225,154,211,14,5,0.9377777777777778,0.976851851851852,0.9569160997732428,1.0416666666666667
EFRGP01_00,crop03,Otsu+WS,0.75,216,379,225,154,163,62,53,0.7244444444444444,0.7546296296296297,0.7392290249433106,1.0416666666666667
EFRGP01_00,crop03,Min-tree-core+WS,0.25,216,250,175,75,174,1,42,0.9942857142857144,0.8055555555555556,0.8900255754475702,0.8101851851851852
EFRGP01_00,crop03,Min-tree-core+WS,0.5,216,250,175,75,139,36,77,0.7942857142857143,0.6435185185185185,0.710997442455243,0.8101851851851852
EFRGP01_00,crop03,Min-tree-core+WS,0.75,216,250,175,75,101,74,115,0.5771428571428572,0.4675925925925926,0.5166240409207162,0.8101851851851852
EFRGP01_01,crop03,BA-TOS,0.25,213,289,211,78,211,0,2,1.0,0.9906103286384976,0.9952830188679246,0.9906103286384976
EFRGP01_01,crop03,BA-TOS,0.5,213,289,211,78,205,6,8,0.971563981042654,0.9624413145539906,0.9669811320754718,0.9906103286384976
EFRGP01_01,crop03,BA-TOS,0.75,213,289,211,78,152,59,61,0.7203791469194313,0.7136150234741784,0.7169811320754718,0.9906103286384976
EFRGP01_01,crop03,Otsu+WS,0.25,213,364,216,148,213,3,0,0.9861111111111112,1.0,0.993006993006993,1.0140845070422535
EFRGP01_01,crop03,Otsu+WS,0.5,213,364,216,148,210,6,3,0.9722222222222222,0.9859154929577464,0.979020979020979,1.0140845070422535
EFRGP01_01,crop03,Otsu+WS,0.75,213,364,216,148,165,51,48,0.7638888888888888,0.7746478873239436,0.7692307692307692,1.0140845070422535
EFRGP01_01,crop03,Min-tree-core+WS,0.25,213,250,169,81,169,0,44,1.0,0.7934272300469484,0.8848167539267016,0.7934272300469484
EFRGP01_01,crop03,Min-tree-core+WS,0.5,213,250,169,81,130,39,83,0.7692307692307693,0.6103286384976526,0.680628272251309,0.7934272300469484
EFRGP01_01,crop03,Min-tree-core+WS,0.75,213,250,169,81,106,63,107,0.6272189349112426,0.4976525821596244,0.5549738219895288,0.7934272300469484
EFRGP01_00,crop04,BA-TOS,0.25,272,398,269,129,269,0,3,1.0,0.9889705882352942,0.9944547134935304,0.9889705882352942
EFRGP01_00,crop04,BA-TOS,0.5,272,398,269,129,269,0,3,1.0,0.9889705882352942,0.9944547134935304,0.9889705882352942
EFRGP01_00,crop04,BA-TOS,0.75,272,398,269,129,234,35,38,0.8698884758364313,0.8602941176470589,0.8650646950092423,0.9889705882352942
EFRGP01_00,crop04,Otsu+WS,0.25,272,613,334,279,272,62,0,0.8143712574850299,1.0,0.8976897689768977,1.2279411764705883
EFRGP01_00,crop04,Otsu+WS,0.5,272,613,334,279,258,76,14,0.7724550898203593,0.9485294117647058,0.8514851485148515,1.2279411764705883
EFRGP01_00,crop04,Otsu+WS,0.75,272,613,334,279,216,118,56,0.6467065868263473,0.7941176470588235,0.7128712871287128,1.2279411764705883
EFRGP01_00,crop04,Min-tree-core+WS,0.25,272,127,65,62,30,35,242,0.4615384615384615,0.1102941176470588,0.1780415430267062,0.2389705882352941
EFRGP01_00,crop04,Min-tree-core+WS,0.5,272,127,65,62,21,44,251,0.3230769230769231,0.0772058823529411,0.1246290801186943,0.2389705882352941
EFRGP01_00,crop04,Min-tree-core+WS,0.75,272,127,65,62,16,49,256,0.2461538461538461,0.0588235294117647,0.0949554896142433,0.2389705882352941
EFRGP01_01,crop04,BA-TOS,0.25,264,397,261,136,261,0,3,1.0,0.9886363636363636,0.9942857142857142,0.9886363636363636
EFRGP01_01,crop04,BA-TOS,0.5,264,397,261,136,260,1,4,0.9961685823754788,0.9848484848484848,0.9904761904761904,0.9886363636363636
EFRGP01_01,crop04,BA-TOS,0.75,264,397,261,136,233,28,31,0.89272030651341,0.8825757575757576,0.8876190476190476,0.9886363636363636
EFRGP01_01,crop04,Otsu+WS,0.25,264,610,321,289,264,57,0,0.822429906542056,1.0,0.9025641025641024,1.2159090909090908
EFRGP01_01,crop04,Otsu+WS,0.5,264,610,321,289,251,70,13,0.7819314641744548,0.9507575757575758,0.8581196581196581,1.2159090909090908
EFRGP01_01,crop04,Otsu+WS,0.75,264,610,321,289,207,114,57,0.6448598130841121,0.7840909090909091,0.7076923076923077,1.2159090909090908
EFRGP01_01,crop04,Min-tree-core+WS,0.25,264,123,56,67,33,23,231,0.5892857142857143,0.125,0.20625,0.2121212121212121
EFRGP01_01,crop04,Min-tree-core+WS,0.5,264,123,56,67,20,36,244,0.3571428571428571,0.0757575757575757,0.125,0.2121212121212121
EFRGP01_01,crop04,Min-tree-core+WS,0.75,264,123,56,67,14,42,250,0.25,0.053030303030303,0.0875,0.2121212121212121
EFRGP01_00,crop05,BA-TOS,0.25,129,183,127,56,126,1,3,0.9921259842519684,0.9767441860465116,0.984375,0.9844961240310076
EFRGP01_00,crop05,BA-TOS,0.5,129,183,127,56,116,11,13,0.9133858267716536,0.8992248062015504,0.90625,0.9844961240310076
EFRGP01_00,crop05,BA-TOS,0.75,129,183,127,56,60,67,69,0.4724409448818897,0.4651162790697674,0.46875,0.9844961240310076
EFRGP01_00,crop05,Otsu+WS,0.25,129,229,129,100,129,0,0,1.0,1.0,1.0,1.0
EFRGP01_00,crop05,Otsu+WS,0.5,129,229,129,100,126,3,3,0.9767441860465116,0.9767441860465116,0.9767441860465116,1.0
EFRGP01_00,crop05,Otsu+WS,0.75,129,229,129,100,67,62,62,0.5193798449612403,0.5193798449612403,0.5193798449612403,1.0
EFRGP01_00,crop05,Min-tree-core+WS,0.25,129,229,128,101,128,0,1,1.0,0.992248062015504,0.9961089494163424,0.992248062015504
EFRGP01_00,crop05,Min-tree-core+WS,0.5,129,229,128,101,127,1,2,0.9921875,0.9844961240310076,0.9883268482490272,0.992248062015504
EFRGP01_00,crop05,Min-tree-core+WS,0.75,129,229,128,101,124,4,5,0.96875,0.9612403100775194,0.9649805447470816,0.992248062015504
EFRGP01_01,crop05,BA-TOS,0.25,128,187,127,60,127,0,1,1.0,0.9921875,0.996078431372549,0.9921875
EFRGP01_01,crop05,BA-TOS,0.5,128,187,127,60,119,8,9,0.937007874015748,0.9296875,0.9333333333333332,0.9921875
EFRGP01_01,crop05,BA-TOS,0.75,128,187,127,60,60,67,68,0.4724409448818897,0.46875,0.4705882352941176,0.9921875
EFRGP01_01,crop05,Otsu+WS,0.25,128,226,128,98,128,0,0,1.0,1.0,1.0,1.0
EFRGP01_01,crop05,Otsu+WS,0.5,128,226,128,98,125,3,3,0.9765625,0.9765625,0.9765625,1.0
EFRGP01_01,crop05,Otsu+WS,0.75,128,226,128,98,68,60,60,0.53125,0.53125,0.53125,1.0
EFRGP01_01,crop05,Min-tree-core+WS,0.25,128,236,129,107,128,1,0,0.992248062015504,1.0,0.9961089494163424,1.0078125
EFRGP01_01,crop05,Min-tree-core+WS,0.5,128,236,129,107,128,1,0,0.992248062015504,1.0,0.9961089494163424,1.0078125
EFRGP01_01,crop05,Min-tree-core+WS,0.75,128,236,129,107,124,5,4,0.9612403100775194,0.96875,0.9649805447470816,1.0078125
EFRGP01_00,crop06,BA-TOS,0.25,271,367,267,100,267,0,4,1.0,0.985239852398524,0.9925650557620818,0.985239852398524
EFRGP01_00,crop06,BA-TOS,0.5,271,367,267,100,264,3,7,0.9887640449438202,0.974169741697417,0.9814126394052044,0.985239852398524
EFRGP01_00,crop06,BA-TOS,0.75,271,367,267,100,218,49,53,0.8164794007490637,0.8044280442804428,0.8104089219330854,0.985239852398524
EFRGP01_00,crop06,Otsu+WS,0.25,271,526,331,195,271,60,0,0.8187311178247734,1.0,0.9003322259136213,1.2214022140221403
EFRGP01_00,crop06,Otsu+WS,0.5,271,526,331,195,255,76,16,0.770392749244713,0.940959409594096,0.8471760797342193,1.2214022140221403
EFRGP01_00,crop06,Otsu+WS,0.75,271,526,331,195,213,118,58,0.6435045317220544,0.7859778597785978,0.707641196013289,1.2214022140221403
EFRGP01_00,crop06,Min-tree-core+WS,0.25,271,248,178,70,177,1,94,0.99438202247191,0.6531365313653137,0.7884187082405345,0.6568265682656826
EFRGP01_00,crop06,Min-tree-core+WS,0.5,271,248,178,70,105,73,166,0.5898876404494382,0.3874538745387454,0.4677060133630289,0.6568265682656826
EFRGP01_00,crop06,Min-tree-core+WS,0.75,271,248,178,70,64,114,207,0.3595505617977528,0.2361623616236162,0.2850779510022271,0.6568265682656826
EFRGP01_01,crop06,BA-TOS,0.25,265,373,261,112,261,0,4,1.0,0.9849056603773584,0.9923954372623576,0.9849056603773584
EFRGP01_01,crop06,BA-TOS,0.5,265,373,261,112,259,2,6,0.992337164750958,0.9773584905660376,0.9847908745247148,0.9849056603773584
EFRGP01_01,crop06,BA-TOS,0.75,265,373,261,112,215,46,50,0.8237547892720306,0.8113207547169812,0.8174904942965779,0.9849056603773584
EFRGP01_01,crop06,Otsu+WS,0.25,265,536,316,220,265,51,0,0.8386075949367089,1.0,0.9122203098106711,1.1924528301886792
EFRGP01_01,crop06,Otsu+WS,0.5,265,536,316,220,255,61,10,0.8069620253164557,0.9622641509433962,0.8777969018932875,1.1924528301886792
EFRGP01_01,crop06,Otsu+WS,0.75,265,536,316,220,210,106,55,0.6645569620253164,0.7924528301886793,0.7228915662650603,1.1924528301886792
EFRGP01_01,crop06,Min-tree-core+WS,0.25,265,251,179,72,178,1,87,0.994413407821229,0.6716981132075471,0.8018018018018018,0.6754716981132075
EFRGP01_01,crop06,Min-tree-core+WS,0.5,265,251,179,72,113,66,152,0.6312849162011173,0.4264150943396226,0.509009009009009,0.6754716981132075
EFRGP01_01,crop06,Min-tree-core+WS,0.75,265,251,179,72,68,111,197,0.3798882681564245,0.2566037735849056,0.3063063063063063,0.6754716981132075
EFRGP01_00,crop07,BA-TOS,0.25,263,388,259,129,259,0,4,1.0,0.9847908745247148,0.992337164750958,0.9847908745247148
EFRGP01_00,crop07,BA-TOS,0.5,263,388,259,129,259,0,4,1.0,0.9847908745247148,0.992337164750958,0.9847908745247148
EFRGP01_00,crop07,BA-TOS,0.75,263,388,259,129,228,31,35,0.8803088803088803,0.8669201520912547,0.8735632183908046,0.9847908745247148
EFRGP01_00,crop07,Otsu+WS,0.25,263,599,320,279,263,57,0,0.821875,1.0,0.902229845626072,1.2167300380228137
EFRGP01_00,crop07,Otsu+WS,0.5,263,599,320,279,250,70,13,0.78125,0.9505703422053232,0.8576329331046312,1.2167300380228137
EFRGP01_00,crop07,Otsu+WS,0.75,263,599,320,279,212,108,51,0.6625,0.8060836501901141,0.7272727272727273,1.2167300380228137
EFRGP01_00,crop07,Min-tree-core+WS,0.25,263,183,94,89,74,20,189,0.7872340425531915,0.2813688212927757,0.4145658263305322,0.3574144486692015
EFRGP01_00,crop07,Min-tree-core+WS,0.5,263,183,94,89,37,57,226,0.3936170212765957,0.1406844106463878,0.2072829131652661,0.3574144486692015
EFRGP01_00,crop07,Min-tree-core+WS,0.75,263,183,94,89,28,66,235,0.2978723404255319,0.1064638783269961,0.1568627450980391,0.3574144486692015
EFRGP01_01,crop07,BA-TOS,0.25,260,390,254,136,254,0,6,1.0,0.9769230769230768,0.9883268482490272,0.9769230769230768
EFRGP01_01,crop07,BA-TOS,0.5,260,390,254,136,254,0,6,1.0,0.9769230769230768,0.9883268482490272,0.9769230769230768
EFRGP01_01,crop07,BA-TOS,0.75,260,390,254,136,223,31,37,0.8779527559055118,0.8576923076923076,0.867704280155642,0.9769230769230768
EFRGP01_01,crop07,Otsu+WS,0.25,260,597,310,287,260,50,0,0.8387096774193549,1.0,0.912280701754386,1.1923076923076923
EFRGP01_01,crop07,Otsu+WS,0.5,260,597,310,287,248,62,12,0.8,0.953846153846154,0.8701754385964914,1.1923076923076923
EFRGP01_01,crop07,Otsu+WS,0.75,260,597,310,287,216,94,44,0.6967741935483871,0.8307692307692308,0.7578947368421053,1.1923076923076923
EFRGP01_01,crop07,Min-tree-core+WS,0.25,260,203,112,91,92,20,168,0.8214285714285714,0.3538461538461538,0.4946236559139785,0.4307692307692308
EFRGP01_01,crop07,Min-tree-core+WS,0.5,260,203,112,91,47,65,213,0.4196428571428571,0.1807692307692307,0.2526881720430107,0.4307692307692308
EFRGP01_01,crop07,Min-tree-core+WS,0.75,260,203,112,91,36,76,224,0.3214285714285714,0.1384615384615384,0.1935483870967742,0.4307692307692308
