method,scan,crop_id,threshold,gt,pred,gt_valid,pred_total,pred_eval,pred_ignored_border,tp,fp,fn,precision,recall,f1,overseg_ratio_pred_eval_gt
EFRGP01_00_crop02_BA_TOS_LS_iou_0p25,EFRGP01_00,crop02,0.25,results_batos/EFRGP01_00_multicrop/crop02_x600_y800_z300_s200/00_input/crop02_x600_y800_z300_s200_label_crop.tif,results_batos/paper_tables/batos_local_split_large_labels/EFRGP01_00/crop02/EFRGP01_00_crop02_batos_local_split_labels.tif,265,413,265,148,265,0,0,1.0,1.0,1.0,1.0
EFRGP01_00_crop02_BA_TOS_LS_iou_0p50,EFRGP01_00,crop02,0.5,results_batos/EFRGP01_00_multicrop/crop02_x600_y800_z300_s200/00_input/crop02_x600_y800_z300_s200_label_crop.tif,results_batos/paper_tables/batos_local_split_large_labels/EFRGP01_00/crop02/EFRGP01_00_crop02_batos_local_split_labels.tif,265,413,265,148,265,0,0,1.0,1.0,1.0,1.0
EFRGP01_00_crop02_BA_TOS_LS_iou_0p75,EFRGP01_00,crop02,0.75,results_batos/EFRGP01_00_multicrop/crop02_x600_y800_z300_s200/00_input/crop02_x600_y800_z300_s200_label_crop.tif,results_batos/paper_tables/batos_local_split_large_labels/EFRGP01_00/crop02/EFRGP01_00_crop02_batos_local_split_labels.tif,265,413,265,148,232,33,33,0.8754716981132076,0.8754716981132076,0.8754716981132076,1.0
EFRGP01_01_crop02_BA_TOS_LS_iou_0p25,EFRGP01_01,crop02,0.25,results_batos/EFRGP01_01_selected_crops/crop02_x600_y800_z300_s200/00_input/EFRGP01_01_crop02_x600_y800_z300_s200_label_crop.tif,results_batos/paper_tables/batos_local_split_large_labels/EFRGP01_01/crop02/EFRGP01_01_crop02_batos_local_split_labels.tif,262,422,261,161,261,0,1,1.0,0.9961832061068704,0.9980879541108988,0.9961832061068704
EFRGP01_01_crop02_BA_TOS_LS_iou_0p50,EFRGP01_01,crop02,0.5,results_batos/EFRGP01_01_selected_crops/crop02_x600_y800_z300_s200/00_input/EFRGP01_01_crop02_x600_y800_z300_s200_label_crop.tif,results_batos/paper_tables/batos_local_split_large_labels/EFRGP01_01/crop02/EFRGP01_01_crop02_batos_local_split_labels.tif,262,422,261,161,261,0,1,1.0,0.9961832061068704,0.9980879541108988,0.9961832061068704
EFRGP01_01_crop02_BA_TOS_LS_iou_0p75,EFRGP01_01,crop02,0.75,results_batos/EFRGP01_01_selected_crops/crop02_x600_y800_z300_s200/00_input/EFRGP01_01_crop02_x600_y800_z300_s200_label_crop.tif,results_batos/paper_tables/batos_local_split_large_labels/EFRGP01_01/crop02/EFRGP01_01_crop02_batos_local_split_labels.tif,262,422,261,161,235,26,27,0.9003831417624522,0.8969465648854962,0.8986615678776291,0.9961832061068704
EFRGP01_00_crop03_BA_TOS_LS_iou_0p25,EFRGP01_00,crop03,0.25,results_batos/EFRGP01_00_multicrop/crop03_x900_y600_z300_s200/00_input/crop03_x900_y600_z300_s200_label_crop.tif,results_batos/paper_tables/batos_local_split_large_labels/EFRGP01_00/crop03/EFRGP01_00_crop03_batos_local_split_labels.tif,216,305,215,90,215,0,1,1.0,0.9953703703703703,0.9976798143851509,0.9953703703703703
EFRGP01_00_crop03_BA_TOS_LS_iou_0p50,EFRGP01_00,crop03,0.5,results_batos/EFRGP01_00_multicrop/crop03_x900_y600_z300_s200/00_input/crop03_x900_y600_z300_s200_label_crop.tif,results_batos/paper_tables/batos_local_split_large_labels/EFRGP01_00/crop03/EFRGP01_00_crop03_batos_local_split_labels.tif,216,305,215,90,209,6,7,0.972093023255814,0.9675925925925926,0.9698375870069604,0.9953703703703703
EFRGP01_00_crop03_BA_TOS_LS_iou_0p75,EFRGP01_00,crop03,0.75,results_batos/EFRGP01_00_multicrop/crop03_x900_y600_z300_s200/00_input/crop03_x900_y600_z300_s200_label_crop.tif,results_batos/paper_tables/batos_local_split_large_labels/EFRGP01_00/crop03/EFRGP01_00_crop03_batos_local_split_labels.tif,216,305,215,90,150,65,66,0.6976744186046512,0.6944444444444444,0.6960556844547563,0.9953703703703703
EFRGP01_01_crop03_BA_TOS_LS_iou_0p25,EFRGP01_01,crop03,0.25,results_batos/EFRGP01_01_selected_crops/crop03_x900_y600_z300_s200/00_input/EFRGP01_01_crop03_x900_y600_z300_s200_label_crop.tif,results_batos/paper_tables/batos_local_split_large_labels/EFRGP01_01/crop03/EFRGP01_01_crop03_batos_local_split_labels.tif,213,314,212,102,212,0,1,1.0,0.9953051643192488,0.9976470588235292,0.9953051643192488
EFRGP01_01_crop03_BA_TOS_LS_iou_0p50,EFRGP01_01,crop03,0.5,results_batos/EFRGP01_01_selected_crops/crop03_x900_y600_z300_s200/00_input/EFRGP01_01_crop03_x900_y600_z300_s200_label_crop.tif,results_batos/paper_tables/batos_local_split_large_labels/EFRGP01_01/crop03/EFRGP01_01_crop03_batos_local_split_labels.tif,213,314,212,102,209,3,4,0.9858490566037736,0.9812206572769951,0.983529411764706,0.9953051643192488
EFRGP01_01_crop03_BA_TOS_LS_iou_0p75,EFRGP01_01,crop03,0.75,results_batos/EFRGP01_01_selected_crops/crop03_x900_y600_z300_s200/00_input/EFRGP01_01_crop03_x900_y600_z300_s200_label_crop.tif,results_batos/paper_tables/batos_local_split_large_labels/EFRGP01_01/crop03/EFRGP01_01_crop03_batos_local_split_labels.tif,213,314,212,102,157,55,56,0.7405660377358491,0.7370892018779343,0.7388235294117647,0.9953051643192488
EFRGP01_00_crop04_BA_TOS_LS_iou_0p25,EFRGP01_00,crop04,0.25,results_batos/EFRGP01_00_multicrop/crop04_x500_y500_z700_s200/00_input/crop04_x500_y500_z700_s200_label_crop.tif,results_batos/paper_tables/batos_local_split_large_labels/EFRGP01_00/crop04/EFRGP01_00_crop04_batos_local_split_labels.tif,272,413,271,142,271,0,1,1.0,0.9963235294117648,0.998158379373849,0.9963235294117648
EFRGP01_00_crop04_BA_TOS_LS_iou_0p50,EFRGP01_00,crop04,0.5,results_batos/EFRGP01_00_multicrop/crop04_x500_y500_z700_s200/00_input/crop04_x500_y500_z700_s200_label_crop.tif,results_batos/paper_tables/batos_local_split_large_labels/EFRGP01_00/crop04/EFRGP01_00_crop04_batos_local_split_labels.tif,272,413,271,142,271,0,1,1.0,0.9963235294117648,0.998158379373849,0.9963235294117648
EFRGP01_00_crop04_BA_TOS_LS_iou_0p75,EFRGP01_00,crop04,0.75,results_batos/EFRGP01_00_multicrop/crop04_x500_y500_z700_s200/00_input/crop04_x500_y500_z700_s200_label_crop.tif,results_batos/paper_tables/batos_local_split_large_labels/EFRGP01_00/crop04/EFRGP01_00_crop04_batos_local_split_labels.tif,272,413,271,142,238,33,34,0.8782287822878229,0.875,0.876611418047882,0.9963235294117648
EFRGP01_01_crop04_BA_TOS_LS_iou_0p25,EFRGP01_01,crop04,0.25,results_batos/EFRGP01_01_selected_crops/crop04_x500_y500_z700_s200/00_input/EFRGP01_01_crop04_x500_y500_z700_s200_label_crop.tif,results_batos/paper_tables/batos_local_split_large_labels/EFRGP01_01/crop04/EFRGP01_01_crop04_batos_local_split_labels.tif,264,414,262,152,262,0,2,1.0,0.9924242424242424,0.9961977186311788,0.9924242424242424
EFRGP01_01_crop04_BA_TOS_LS_iou_0p50,EFRGP01_01,crop04,0.5,results_batos/EFRGP01_01_selected_crops/crop04_x500_y500_z700_s200/00_input/EFRGP01_01_crop04_x500_y500_z700_s200_label_crop.tif,results_batos/paper_tables/batos_local_split_large_labels/EFRGP01_01/crop04/EFRGP01_01_crop04_batos_local_split_labels.tif,264,414,262,152,262,0,2,1.0,0.9924242424242424,0.9961977186311788,0.9924242424242424
EFRGP01_01_crop04_BA_TOS_LS_iou_0p75,EFRGP01_01,crop04,0.75,results_batos/EFRGP01_01_selected_crops/crop04_x500_y500_z700_s200/00_input/EFRGP01_01_crop04_x500_y500_z700_s200_label_crop.tif,results_batos/paper_tables/batos_local_split_large_labels/EFRGP01_01/crop04/EFRGP01_01_crop04_batos_local_split_labels.tif,264,414,262,152,236,26,28,0.900763358778626,0.8939393939393939,0.897338403041825,0.9924242424242424
EFRGP01_00_crop05_BA_TOS_LS_iou_0p25,EFRGP01_00,crop05,0.25,results_batos/EFRGP01_00_multicrop/crop05_x800_y900_z700_s200/00_input/crop05_x800_y900_z700_s200_label_crop.tif,results_batos/paper_tables/batos_local_split_large_labels/EFRGP01_00/crop05/EFRGP01_00_crop05_batos_local_split_labels.tif,129,198,129,69,128,1,1,0.992248062015504,0.992248062015504,0.992248062015504,1.0
EFRGP01_00_crop05_BA_TOS_LS_iou_0p50,EFRGP01_00,crop05,0.5,results_batos/EFRGP01_00_multicrop/crop05_x800_y900_z700_s200/00_input/crop05_x800_y900_z700_s200_label_crop.tif,results_batos/paper_tables/batos_local_split_large_labels/EFRGP01_00/crop05/EFRGP01_00_crop05_batos_local_split_labels.tif,129,198,129,69,120,9,9,0.9302325581395348,0.9302325581395348,0.9302325581395348,1.0
EFRGP01_00_crop05_BA_TOS_LS_iou_0p75,EFRGP01_00,crop05,0.75,results_batos/EFRGP01_00_multicrop/crop05_x800_y900_z700_s200/00_input/crop05_x800_y900_z700_s200_label_crop.tif,results_batos/paper_tables/batos_local_split_large_labels/EFRGP01_00/crop05/EFRGP01_00_crop05_batos_local_split_labels.tif,129,198,129,69,63,66,66,0.4883720930232558,0.4883720930232558,0.4883720930232558,1.0
EFRGP01_01_crop05_BA_TOS_LS_iou_0p25,EFRGP01_01,crop05,0.25,results_batos/EFRGP01_01_selected_crops/crop05_x800_y900_z700_s200/00_input/EFRGP01_01_crop05_x800_y900_z700_s200_label_crop.tif,results_batos/paper_tables/batos_local_split_large_labels/EFRGP01_01/crop05/EFRGP01_01_crop05_batos_local_split_labels.tif,128,200,127,73,127,0,1,1.0,0.9921875,0.996078431372549,0.9921875
EFRGP01_01_crop05_BA_TOS_LS_iou_0p50,EFRGP01_01,crop05,0.5,results_batos/EFRGP01_01_selected_crops/crop05_x800_y900_z700_s200/00_input/EFRGP01_01_crop05_x800_y900_z700_s200_label_crop.tif,results_batos/paper_tables/batos_local_split_large_labels/EFRGP01_01/crop05/EFRGP01_01_crop05_batos_local_split_labels.tif,128,200,127,73,122,5,6,0.9606299212598424,0.953125,0.9568627450980391,0.9921875
EFRGP01_01_crop05_BA_TOS_LS_iou_0p75,EFRGP01_01,crop05,0.75,results_batos/EFRGP01_01_selected_crops/crop05_x800_y900_z700_s200/00_input/EFRGP01_01_crop05_x800_y900_z700_s200_label_crop.tif,results_batos/paper_tables/batos_local_split_large_labels/EFRGP01_01/crop05/EFRGP01_01_crop05_batos_local_split_labels.tif,128,200,127,73,63,64,65,0.4960629921259842,0.4921875,0.4941176470588235,0.9921875
EFRGP01_00_crop06_BA_TOS_LS_iou_0p25,EFRGP01_00,crop06,0.25,results_batos/EFRGP01_00_extra_crops/crop06_x350_y650_z500_s200/00_input/crop06_x350_y650_z500_s200_label_crop.tif,results_batos/paper_tables/batos_local_split_large_labels/EFRGP01_00/crop06/EFRGP01_00_crop06_batos_local_split_labels.tif,271,380,269,111,269,0,2,1.0,0.992619926199262,0.9962962962962962,0.992619926199262
EFRGP01_00_crop06_BA_TOS_LS_iou_0p50,EFRGP01_00,crop06,0.5,results_batos/EFRGP01_00_extra_crops/crop06_x350_y650_z500_s200/00_input/crop06_x350_y650_z500_s200_label_crop.tif,results_batos/paper_tables/batos_local_split_large_labels/EFRGP01_00/crop06/EFRGP01_00_crop06_batos_local_split_labels.tif,271,380,269,111,267,2,4,0.9925650557620818,0.985239852398524,0.9888888888888888,0.992619926199262
EFRGP01_00_crop06_BA_TOS_LS_iou_0p75,EFRGP01_00,crop06,0.75,results_batos/EFRGP01_00_extra_crops/crop06_x350_y650_z500_s200/00_input/crop06_x350_y650_z500_s200_label_crop.tif,results_batos/paper_tables/batos_local_split_large_labels/EFRGP01_00/crop06/EFRGP01_00_crop06_batos_local_split_labels.tif,271,380,269,111,222,47,49,0.8252788104089219,0.8191881918819188,0.8222222222222222,0.992619926199262
EFRGP01_01_crop06_BA_TOS_LS_iou_0p25,EFRGP01_01,crop06,0.25,results_batos/EFRGP01_01_selected_crops/crop06_x350_y650_z500_s200/00_input/EFRGP01_01_crop06_x350_y650_z500_s200_label_crop.tif,results_batos/paper_tables/batos_local_split_large_labels/EFRGP01_01/crop06/EFRGP01_01_crop06_batos_local_split_labels.tif,265,383,266,117,265,1,0,0.9962406015037594,1.0,0.9981167608286252,1.0037735849056604
EFRGP01_01_crop06_BA_TOS_LS_iou_0p50,EFRGP01_01,crop06,0.5,results_batos/EFRGP01_01_selected_crops/crop06_x350_y650_z500_s200/00_input/EFRGP01_01_crop06_x350_y650_z500_s200_label_crop.tif,results_batos/paper_tables/batos_local_split_large_labels/EFRGP01_01/crop06/EFRGP01_01_crop06_batos_local_split_labels.tif,265,383,266,117,261,5,4,0.981203007518797,0.9849056603773584,0.983050847457627,1.0037735849056604
EFRGP01_01_crop06_BA_TOS_LS_iou_0p75,EFRGP01_01,crop06,0.75,results_batos/EFRGP01_01_selected_crops/crop06_x350_y650_z500_s200/00_input/EFRGP01_01_crop06_x350_y650_z500_s200_label_crop.tif,results_batos/paper_tables/batos_local_split_large_labels/EFRGP01_01/crop06/EFRGP01_01_crop06_batos_local_split_labels.tif,265,383,266,117,217,49,48,0.8157894736842105,0.8188679245283019,0.8173258003766477,1.0037735849056604
EFRGP01_00_crop07_BA_TOS_LS_iou_0p25,EFRGP01_00,crop07,0.25,results_batos/EFRGP01_00_extra_crops/crop07_x700_y400_z500_s200/00_input/crop07_x700_y400_z500_s200_label_crop.tif,results_batos/paper_tables/batos_local_split_large_labels/EFRGP01_00/crop07/EFRGP01_00_crop07_batos_local_split_labels.tif,263,412,262,150,262,0,1,1.0,0.9961977186311788,0.998095238095238,0.9961977186311788
EFRGP01_00_crop07_BA_TOS_LS_iou_0p50,EFRGP01_00,crop07,0.5,results_batos/EFRGP01_00_extra_crops/crop07_x700_y400_z500_s200/00_input/crop07_x700_y400_z500_s200_label_crop.tif,results_batos/paper_tables/batos_local_split_large_labels/EFRGP01_00/crop07/EFRGP01_00_crop07_batos_local_split_labels.tif,263,412,262,150,262,0,1,1.0,0.9961977186311788,0.998095238095238,0.9961977186311788
EFRGP01_00_crop07_BA_TOS_LS_iou_0p75,EFRGP01_00,crop07,0.75,results_batos/EFRGP01_00_extra_crops/crop07_x700_y400_z500_s200/00_input/crop07_x700_y400_z500_s200_label_crop.tif,results_batos/paper_tables/batos_local_split_large_labels/EFRGP01_00/crop07/EFRGP01_00_crop07_batos_local_split_labels.tif,263,412,262,150,233,29,30,0.8893129770992366,0.8859315589353612,0.8876190476190476,0.9961977186311788
EFRGP01_01_crop07_BA_TOS_LS_iou_0p25,EFRGP01_01,crop07,0.25,results_batos/EFRGP01_01_selected_crops/crop07_x700_y400_z500_s200/00_input/EFRGP01_01_crop07_x700_y400_z500_s200_label_crop.tif,results_batos/paper_tables/batos_local_split_large_labels/EFRGP01_01/crop07/EFRGP01_01_crop07_batos_local_split_labels.tif,260,411,258,153,258,0,2,1.0,0.9923076923076924,0.996138996138996,0.9923076923076924
EFRGP01_01_crop07_BA_TOS_LS_iou_0p50,EFRGP01_01,crop07,0.5,results_batos/EFRGP01_01_selected_crops/crop07_x700_y400_z500_s200/00_input/EFRGP01_01_crop07_x700_y400_z500_s200_label_crop.tif,results_batos/paper_tables/batos_local_split_large_labels/EFRGP01_01/crop07/EFRGP01_01_crop07_batos_local_split_labels.tif,260,411,258,153,258,0,2,1.0,0.9923076923076924,0.996138996138996,0.9923076923076924
EFRGP01_01_crop07_BA_TOS_LS_iou_0p75,EFRGP01_01,crop07,0.75,results_batos/EFRGP01_01_selected_crops/crop07_x700_y400_z500_s200/00_input/EFRGP01_01_crop07_x700_y400_z500_s200_label_crop.tif,results_batos/paper_tables/batos_local_split_large_labels/EFRGP01_01/crop07/EFRGP01_01_crop07_batos_local_split_labels.tif,260,411,258,153,228,30,32,0.8837209302325582,0.8769230769230769,0.8803088803088803,0.9923076923076924
